Time,S(t),I_h(t),R_h(t),S_v(t),I_v(t)
0,2,2,4,7,5
0.03003003,4.748381,2.2151,4.004923,9.830283,4.9043922
0.06006006,7.3081746,2.613345,4.0105867,12.60357,4.8120546
0.09009009,9.699171,3.17196,4.0174026,15.320391,4.7235117
0.12012012,11.938645,3.871058,4.0257316,17.981121,4.639424
0.15015015,14.041571,4.6933746,4.035889,20.586016,4.560549
0.18018018,16.0208,5.6240478,4.048153,23.135244,4.487713
0.21021021,17.887213,6.650423,4.062767,25.628908,4.421788
0.24024024,19.649858,7.761883,4.079948,28.067066,4.3636737
0.27027027,21.316072,8.949692,4.0998893,30.449743,4.314281
0.3003003,22.891584,10.206854,4.122765,32.776943,4.274525
0.33033033,24.380627,11.527981,4.148735,35.048653,4.2453184
0.36036036,25.78603,12.909163,4.177948,37.26485,4.2275662
0.39039039,27.109327,14.347851,4.2105446,39.425503,4.222167
0.42042042,28.350843,15.84273,4.2466607,41.53057,4.2300115
0.45045045,29.509802,17.393604,4.286431,43.579998,4.2519855
0.48048048,30.584421,19.001274,4.32999,45.573715,4.288975
0.510510511,31.572033,20.667408,4.3774757,47.51163,4.3418665
0.540540541,32.469196,22.394411,4.429032,49.39364,4.411555
0.570570571,33.27183,24.185278,4.4848075,51.2196,4.4989448
0.600600601,33.97536,26.043447,4.54496,52.98935,4.6049557
0.630630631,34.57487,27.972631,4.609655,54.70269,4.730524
0.660660661,35.065285,29.97664,4.679067,56.35939,4.876604
0.690690691,35.441547,32.059193,4.753381,57.95919,5.044167
0.720720721,35.69885,34.2237,4.8327885,59.5018,5.2341995
0.750750751,35.832836,36.47307,4.9174905,60.986904,5.4476976
0.780780781,35.83986,38.809452,5.007693,62.414173,5.685659
0.810810811,35.7172,41.234043,5.103606,63.78327,5.949073
0.840840841,35.463333,43.74683,5.205442,65.09388,6.2389054
0.870870871,35.078156,46.346394,5.3134103,66.345695,6.556084
0.900900901,34.563198,49.029716,5.4277163,67.538475,6.901477
0.930930931,33.921825,51.79202,5.5485554,68.672035,7.2758703
0.960960961,33.159363,54.626656,5.6761093,69.746284,7.679948
0.990990991,32.283173,57.525078,5.8105416,70.76125,8.114262
1.021021021,31.302666,60.476856,5.9519935,71.71712,8.57921
1.051051051,30.229212,63.4698,6.100578,72.61421,9.075014
1.081081081,29.075962,66.49016,6.2563777,73.453064,9.601692
1.111111111,27.857576,69.52292,6.4194403,74.23441,10.159049
1.141141141,26.589859,72.55221,6.5897765,74.959206,10.746657
1.171171171,25.289322,75.561714,6.767359,75.628624,11.363855
1.201201201,23.97269,78.535194,6.9521194,76.24407,12.009746
1.231231231,22.656378,81.45701,7.143953,76.807175,12.683204
1.261261261,21.355967,84.3126,7.342717,77.31975,13.382894
1.291291291,20.085733,87.08896,7.5482373,77.7838,14.10729
1.321321321,18.858234,89.77501,7.7603097,78.20148,14.854709
1.351351351,17.683996,92.361885,7.978706,78.57506,15.623337
1.381381381,16.571312,94.84307,8.203179,78.90689,16.41127
1.411411411,15.526165,97.21446,8.433471,79.19939,17.216547
1.441441441,14.552278,99.47427,8.669314,79.45495,18.03719
1.471471471,13.651255,101.62284,8.910442,79.675964,18.87123
1.501501502,12.822821,103.66235,9.1565895,79.864784,19.716743
1.531531532,12.065116,105.59654,9.407498,80.02366,20.571878
1.561561562,11.375023,107.43032,9.662922,80.15476,21.434864
1.591591592,10.748501,109.169426,9.922626,80.26015,22.304037
1.621621622,10.180901,110.8201,10.186389,80.34176,23.177841
1.651651652,9.667252,112.3888,10.454008,80.401405,24.054834
1.681681682,9.2024975,113.88195,10.725293,80.44079,24.933693
1.711711712,8.781688,115.30576,11.000072,80.46147,25.813208
1.741741742,8.400114,116.6661,11.278183,80.46492,26.692274
1.771771772,8.053406,117.96839,11.559482,80.45248,27.569893
1.801801802,7.7375803,119.21759,11.843834,80.425385,28.44516
1.831831832,7.449067,120.418144,12.131119,80.3848,29.317255
1.861861862,7.184702,121.574036,12.421224,80.331795,30.185438
1.891891892,6.941708,122.68878,12.714046,80.26735,31.049044
1.921921922,6.7176647,123.765495,13.009489,80.19238,31.907469
1.951951952,6.510472,124.806915,13.307467,80.10775,32.76017
1.981981982,6.3183103,125.81545,13.607898,80.014244,33.60666
2.012012012,6.1396065,126.793236,13.910704,79.9126,34.44649
2.042042042,5.972998,127.74214,14.215815,79.803505,35.27927
2.072072072,5.8173027,128.66385,14.523162,79.68761,36.104637
2.102102102,5.6714897,129.55984,14.832684,79.565506,36.922268
2.132132132,5.5346594,130.43146,15.144319,79.43777,37.731873
2.162162162,5.4060216,131.2799,15.45801,79.30492,38.53319
2.192192192,5.284879,132.10626,15.773703,79.16745,39.325993
2.222222222,5.1706147,132.91153,16.091347,79.02583,40.11007
2.252252252,5.0626793,133.69662,16.41089,78.8805,40.885242
2.282282282,4.9605827,134.46237,16.732288,78.73186,41.65135
2.312312312,4.8638844,135.20955,17.055492,78.580284,42.40825
2.342342342,4.772189,135.93886,17.38046,78.42615,43.155823
2.372372372,4.6851387,136.65097,17.707151,78.26978,43.89397
2.402402402,4.6024094,137.3465,18.035522,78.1115,44.622604
2.432432432,4.523707,138.02602,18.365536,77.9516,45.341652
2.462462462,4.4487634,138.69008,18.697153,77.79035,46.051056
2.492492492,4.3773336,139.33919,19.030338,77.62802,46.750774
2.522522523,4.309194,139.97383,19.365055,77.46485,47.440777
2.552552553,4.244139,140.59445,19.701271,77.30106,48.121044
2.582582583,4.1819806,141.20148,20.038952,77.13687,48.79157
2.612612613,4.122544,141.79533,20.378065,76.97247,49.452354
2.642642643,4.0656686,142.37639,20.71858,76.80805,50.10341
2.672672673,4.0112066,142.94502,21.060467,76.64378,50.744755
2.702702703,3.9590213,143.50157,21.403696,76.47982,51.37642
2.732732733,3.9089854,144.04637,21.748238,76.316315,51.99844
2.762762763,3.8609807,144.57976,22.094065,76.153404,52.610855
2.792792793,3.8148983,145.10202,22.44115,75.99121,53.21372
2.822822823,3.7706354,145.61346,22.789469,75.82986,53.807083
2.852852853,3.7280972,146.11436,23.138992,75.66946,54.391014
2.882882883,3.687195,146.605,23.489698,75.5101,54.965572
2.912912913,3.647846,147.08562,23.84156,75.35189,55.53083
2.942942943,3.609973,147.55647,24.194557,75.19491,56.086864
2.972972973,3.573503,148.0178,24.548664,75.03923,56.633755
3.003003003,3.538368,148.46985,24.903858,74.88493,57.17158
3.033033033,3.5045042,148.91281,25.260117,74.73207,57.70043
3.063063063,3.471852,149.34692,25.61742,74.58071,58.220394
3.093093093,3.440355,149.7724,25.975746,74.43091,58.731564
3.123123123,3.40996,150.18944,26.335073,74.28271,59.23403
3.153153153,3.3806174,150.59822,26.695383,74.13615,59.727898
3.183183183,3.35228,150.99895,27.056656,73.99127,60.213257
3.213213213,3.3249032,151.3918,27.418873,73.84811,60.69021
3.243243243,3.2984457,151.77696,27.782015,73.70669,61.15886
3.273273273,3.2728677,152.1546,28.146063,73.56704,61.61931
3.303303303,3.2481318,152.52489,28.511,73.429184,62.071663
3.333333333,3.2242024,152.88797,28.876808,73.293144,62.516026
3.363363363,3.2010462,153.24402,29.243471,73.15893,62.952503
3.393393393,3.1786315,153.59319,29.610971,73.02656,63.381203
3.423423423,3.1569283,153.93561,29.979292,72.896034,63.80223
3.453453453,3.1359076,154.27144,30.348417,72.767365,64.2157
3.483483483,3.1155427,154.60083,30.718332,72.64056,64.62171
3.513513514,3.0958073,154.9239,31.089022,72.51561,65.02038
3.543543544,3.0766773,155.2408,31.46047,72.392525,65.411804
3.573573574,3.0581293,155.55164,31.832663,72.2713,65.7961
3.603603604,3.0401413,155.85655,32.205585,72.15193,66.17336
3.633633634,3.0226922,156.15567,32.579224,72.03442,66.54372
3.663663664,3.0057614,156.44911,32.953564,71.91874,66.90726
3.693693694,2.9893303,156.73698,33.328594,71.8049,67.26409
3.723723724,2.9733803,157.01941,33.7043,71.69289,67.61433
3.753753754,2.9578943,157.2965,34.080666,71.58269,67.95807
3.783783784,2.9428551,157.56836,34.457684,71.47429,68.295425
3.813813814,2.928247,157.8351,34.83534,71.367676,68.626495
3.843843844,2.9140549,158.09682,35.213615,71.26283,68.951385
3.873873874,2.900264,158.3536,35.592506,71.159744,69.270195
3.903903904,2.8868606,158.60559,35.972,71.0584,69.58302
3.933933934,2.8738313,158.85284,36.352085,70.958786,69.88998
3.963963964,2.8611631,159.09547,36.732746,70.86087,70.19115
3.993993994,2.8488445,159.33356,37.113976,70.76464,70.48663
4.024024024,2.8368633,159.5672,37.49576,70.67008,70.77654
4.054054054,2.825208,159.79648,37.878094,70.57717,71.06096
4.084084084,2.8138683,160.02148,38.260963,70.48589,71.33998
4.114114114,2.8028338,160.24231,38.64436,70.396225,71.61371
4.144144144,2.7920945,160.45903,39.02827,70.30814,71.88223
4.174174174,2.7816408,160.67172,39.412685,70.221634,72.14564
4.204204204,2.7714636,160.88046,39.7976,70.13667,72.40402
4.234234234,2.7615545,161.08533,40.183,70.05324,72.65747
4.264264264,2.7519045,161.2864,40.56888,69.971306,72.906075
4.294294294,2.7425058,161.48376,40.955223,69.89086,73.14992
4.324324324,2.7333505,161.67747,41.34203,69.81188,73.38909
4.354354354,2.7244313,161.8676,41.729286,69.73434,73.62367
4.384384384,2.7157407,162.05421,42.116985,69.65822,73.85375
4.414414414,2.7072718,162.23738,42.50512,69.583496,74.07941
4.444444444,2.699018,162.41718,42.89368,69.51015,74.30072
4.474474474,2.6909728,162.59366,43.28266,69.438156,74.51778
4.504504505,2.6831298,162.76689,43.67205,69.3675,74.730644
4.534534535,2.6754835,162.93694,44.061844,69.29816,74.93941
4.564564565,2.6680274,163.10385,44.45203,69.2301,75.14414
4.594594595,2.6607566,163.2677,44.842606,69.163315,75.344925
4.624624625,2.653665,163.42854,45.233562,69.09778,75.541824
4.654654655,2.6467483,163.58644,45.62489,69.03347,75.73492
4.684684685,2.6400006,163.74144,46.016582,68.97037,75.92427
4.714714715,2.6334178,163.8936,46.408634,68.908455,76.109955
4.744744745,2.626995,164.04297,46.80104,68.8477,76.29204
4.774774775,2.6207275,164.1896,47.193794,68.7881,76.4706
4.804804805,2.6146111,164.33356,47.586884,68.72962,76.64569
4.834834835,2.6086416,164.47488,47.98031,68.67225,76.81738
4.864864865,2.6028152,164.61363,48.374058,68.61597,76.98575
4.894894895,2.5971272,164.74983,48.768127,68.56075,77.15084
4.924924925,2.5915742,164.88356,49.162514,68.506584,77.31273
4.954954955,2.5861526,165.01485,49.55721,68.453445,77.471466
4.984984985,2.580859,165.14374,49.952206,68.40132,77.62712
5.015015015,2.5756896,165.27028,50.3475,68.35019,77.77975
5.045045045,2.570641,165.39452,50.743084,68.30003,77.929405
5.075075075,2.5657103,165.51648,51.138954,68.25083,78.07615
5.105105105,2.5608943,165.63623,51.535107,68.20257,78.22004
5.135135135,2.5561898,165.7538,51.931534,68.15523,78.36113
5.165165165,2.551594,165.86923,52.32823,68.108795,78.49947
5.195195195,2.547104,165.98256,52.725193,68.06325,78.635124
5.225225225,2.542717,166.09383,53.122414,68.01857,78.76813
5.255255255,2.5384305,166.20308,53.51989,67.974754,78.898544
5.285285285,2.5342414,166.31035,53.917618,67.93178,79.02642
5.315315315,2.5301478,166.41566,54.31559,67.88962,79.1518
5.345345345,2.526147,166.51907,54.713802,67.84827,79.27474
5.375375375,2.5222366,166.6206,55.11225,67.80771,79.39529
5.405405405,2.5184145,166.72029,55.510933,67.76793,79.51348
5.435435435,2.5146782,166.81818,55.909843,67.72891,79.62937
5.465465465,2.511026,166.91429,56.308975,67.69064,79.743004
5.495495495,2.507455,167.00867,56.70833,67.65311,79.85442
5.525525526,2.503964,167.10133,57.107895,67.616295,79.96367
5.555555556,2.5005503,167.19232,57.50767,67.580185,80.070786
5.585585586,2.4972124,167.28166,57.907654,67.54477,80.17582
5.615615616,2.4939485,167.36938,58.307842,67.51003,80.2788
5.645645646,2.4907565,167.45552,58.70823,67.47596,80.379776
5.675675676,2.487635,167.5401,59.10881,67.44254,80.47878
5.705705706,2.4845817,167.62315,59.509583,67.40977,80.57587
5.735735736,2.4815955,167.7047,59.91054,67.37762,80.67106
5.765765766,2.4786744,167.78477,60.311687,67.346085,80.7644
5.795795796,2.475817,167.8634,60.713013,67.315155,80.85591
5.825825826,2.473022,167.94061,61.114517,67.28482,80.94565
5.855855856,2.4702873,168.01643,61.516193,67.255066,81.03364
5.885885886,2.467612,168.09088,61.91804,67.22588,81.11991
5.915915916,2.4649944,168.16399,62.320057,67.19726,81.204506
5.945945946,2.4624336,168.23578,62.722237,67.16918,81.28745
5.975975976,2.4599276,168.30627,63.124577,67.14164,81.36878
6.006006006,2.4574757,168.37549,63.527077,67.114624,81.44853
6.036036036,2.4550762,168.44347,63.92973,67.08813,81.526726
6.066066066,2.452728,168.51021,64.332535,67.06213,81.6034
6.096096096,2.45043,168.57576,64.73549,67.03664,81.67858
6.126126126,2.448181,168.64012,65.13859,67.01163,81.752304
6.156156156,2.4459796,168.70332,65.54183,66.98709,81.82459
6.186186186,2.443825,168.7654,65.94521,66.96302,81.89547
6.216216216,2.441716,168.82634,66.34874,66.939415,81.96497
6.246246246,2.4396517,168.88618,66.752396,66.91626,82.03313
6.276276276,2.437631,168.94496,67.15619,66.89354,82.09995
6.306306306,2.4356527,169.00269,67.56011,66.871254,82.16548
6.336336336,2.4337163,169.05937,67.96416,66.849396,82.22974
6.366366366,2.4318204,169.11504,68.36833,66.82795,82.29274
6.396396396,2.4299643,169.1697,68.77263,66.80691,82.35452
6.426426426,2.428147,169.22337,69.17705,66.78627,82.4151
6.456456456,2.4263678,169.2761,69.58158,66.76602,82.4745
6.486486486,2.4246259,169.32785,69.98623,66.746155,82.53275
6.516516517,2.42292,169.3787,70.39099,66.72667,82.589874
6.546546547,2.4212496,169.42862,70.79587,66.70755,82.64589
6.576576577,2.4196138,169.47765,71.20085,66.6888,82.70081
6.606606607,2.4180121,169.52579,71.60594,66.670395,82.75468
6.636636637,2.4164433,169.57307,72.01114,66.65234,82.807495
6.666666667,2.414907,169.6195,72.416435,66.63463,82.85928
6.696696697,2.4134028,169.6651,72.82183,66.61725,82.91007
6.726726727,2.4119294,169.70988,73.227325,66.6002,82.95988
6.756756757,2.4104862,169.75386,73.63292,66.583466,83.00871
6.786786787,2.4090729,169.79704,74.038605,66.567055,83.0566
6.816816817,2.4076884,169.83946,74.44439,66.55095,83.10357
6.846846847,2.4063323,169.88112,74.850266,66.53515,83.14962
6.876876877,2.405004,169.92203,75.256226,66.519646,83.19478
6.906906907,2.403703,169.9622,75.66228,66.50443,83.23907
6.936936937,2.4024284,170.00165,76.06841,66.48951,83.2825
6.966966967,2.4011798,170.04039,76.47463,66.47487,83.32509
6.996996997,2.399957,170.07845,76.880936,66.4605,83.36685
7.027027027,2.398759,170.11581,77.287315,66.4464,83.40781
7.057057057,2.3975852,170.15251,77.69378,66.43257,83.447975
7.087087087,2.396435,170.18855,78.10032,66.41899,83.487366
7.117117117,2.3953085,170.22395,78.506935,66.40567,83.52599
7.147147147,2.3942046,170.25871,78.91363,66.3926,83.56387
7.177177177,2.3931231,170.29285,79.32039,66.379776,83.60102
7.207207207,2.3920636,170.32637,79.72723,66.36719,83.63745
7.237237237,2.3910253,170.3593,80.13413,66.354836,83.67318
7.267267267,2.390008,170.39163,80.54111,66.34271,83.70822
7.297297297,2.3890111,170.42339,80.94815,66.33082,83.742584
7.327327327,2.3880343,170.45457,81.355255,66.319145,83.77628
7.357357357,2.387077,170.4852,81.76243,66.307686,83.80933
7.387387387,2.3861392,170.51529,82.16966,66.29644,83.84174
7.417417417,2.3852203,170.54483,82.57696,66.28541,83.87353
7.447447447,2.3843195,170.57385,82.984314,66.27458,83.9047
7.477477477,2.383437,170.60236,83.39173,66.263954,83.93527
7.507507508,2.382572,170.63034,83.7992,66.253525,83.965256
7.537537538,2.3817244,170.65782,84.20673,66.243286,83.99466
7.567567568,2.3808937,170.68481,84.61432,66.23324,84.0235
7.597597598,2.3800795,170.71133,85.02196,66.22338,84.05178
7.627627628,2.3792815,170.73737,85.42965,66.21371,84.07951
7.657657658,2.3784995,170.76294,85.837395,66.20421,84.10671
7.687687688,2.3777335,170.78806,86.24519,66.194885,84.13339
7.717717718,2.3769822,170.81273,86.65304,66.18574,84.15955
7.747747748,2.376246,170.83696,87.060936,66.17676,84.18521
7.777777778,2.3755245,170.86075,87.46888,66.167946,84.21038
7.807807808,2.3748171,170.88411,87.87687,66.159294,84.23506
7.837837838,2.374124,170.90706,88.284904,66.1508,84.25927
7.867867868,2.3734446,170.9296,88.692986,66.14247,84.28301
7.897897898,2.3727784,170.95174,89.10111,66.13429,84.3063
7.927927928,2.3721256,170.97348,89.50928,66.12627,84.32913
7.957957958,2.3714857,170.99483,89.91749,66.118385,84.35153
7.987987988,2.3708582,171.01581,90.32574,66.11065,84.3735
8.018018018,2.3702433,171.0364,90.734024,66.10306,84.39504
8.048048048,2.3696406,171.05664,91.14236,66.095604,84.416176
8.078078078,2.3690495,171.0765,91.55073,66.08829,84.436905
8.108108108,2.3684702,171.09602,91.95913,66.08111,84.45723
8.138138138,2.3679025,171.11519,92.36757,66.07406,84.477165
8.168168168,2.3673458,171.13402,92.77605,66.06714,84.49672
8.198198198,2.3668,171.15251,93.18456,66.06035,84.5159
8.228228228,2.366265,171.17067,93.59311,66.05368,84.53471
8.258258258,2.3657405,171.1885,94.001686,66.047134,84.55316
8.288288288,2.3652263,171.20602,94.4103,66.04071,84.57126
8.318318318,2.364722,171.22322,94.81895,66.0344,84.589005
8.348348348,2.3642278,171.24011,95.22762,66.02821,84.606415
8.378378378,2.3637433,171.25671,95.63633,66.02213,84.62349
8.408408408,2.3632681,171.27301,96.04507,66.01617,84.640236
8.438438438,2.3628025,171.28902,96.453835,66.01031,84.65666
8.468468468,2.3623457,171.30473,96.862625,66.004555,84.672775
8.498498498,2.361898,171.32018,97.27145,65.99891,84.688576
8.528528529,2.361459,171.33534,97.68029,65.99337,84.70408
8.558558559,2.3610284,171.35023,98.089165,65.98793,84.719284
8.588588589,2.3606062,171.36487,98.49806,65.98259,84.7342
8.618618619,2.3601923,171.37924,98.90698,65.97735,84.748825
8.648648649,2.3597867,171.39336,99.31593,65.9722,84.76317
8.678678679,2.3593888,171.40721,99.72491,65.96715,84.77724
8.708708709,2.358999,171.42082,100.1339,65.96219,84.79104
8.738738739,2.3586164,171.43419,100.54292,65.95732,84.80458
8.768768769,2.3582413,171.44733,100.951965,65.95254,84.81786
8.798798799,2.3578734,171.46022,101.36102,65.947845,84.83089
8.828828829,2.357513,171.47289,101.7701,65.94324,84.843666
8.858858859,2.3571591,171.48534,102.17921,65.93871,84.8562
8.888888889,2.3568122,171.49756,102.588326,65.93427,84.86849
8.918918919,2.3564725,171.50957,102.99747,65.92991,84.88055
8.948948949,2.356139,171.52136,103.406624,65.92563,84.89237
8.978978979,2.355812,171.53294,103.8158,65.921425,84.90398
9.009009009,2.3554914,171.54431,104.225,65.9173,84.91536
9.039039039,2.355177,171.55548,104.63421,65.913246,84.92652
9.069069069,2.3548687,171.56645,105.04344,65.90926,84.93747
9.099099099,2.3545663,171.57722,105.45269,65.90536,84.94821
9.129129129,2.3542697,171.58781,105.86195,65.90152,84.95875
9.159159159,2.3539789,171.5982,106.27123,65.89775,84.96908
9.189189189,2.3536937,171.60841,106.68053,65.89405,84.97922
9.219219219,2.353414,171.61844,107.089836,65.89042,84.98916
9.249249249,2.3531399,171.6283,107.49916,65.886856,84.99891
9.279279279,2.352871,171.63797,107.90849,65.883354,85.00848
9.309309309,2.3526073,171.64748,108.31784,65.87991,85.01786
9.339339339,2.3523488,171.65681,108.7272,65.87653,85.02706
9.369369369,2.3520951,171.66599,109.13657,65.873215,85.03609
9.399399399,2.3518465,171.67499,109.54596,65.86996,85.044945
9.429429429,2.3516023,171.68384,109.95535,65.86676,85.053635
9.459459459,2.3513632,171.69252,110.36476,65.863625,85.06216
9.489489489,2.3511286,171.70105,110.77418,65.86054,85.07052
9.51951952,2.3508985,171.70943,111.18361,65.85751,85.07872
9.54954955,2.3506727,171.71767,111.59305,65.854546,85.08676
9.57957958,2.3504515,171.72575,112.002495,65.85163,85.09465
9.60960961,2.3502345,171.73369,112.41196,65.84876,85.102394
9.63963964,2.3500214,171.74149,112.82143,65.84595,85.109985
9.66966967,2.3498127,171.74915,113.2309,65.843185,85.11743
9.6996997,2.349608,171.75667,113.64039,65.84047,85.12474
9.72972973,2.349407,171.76405,114.04988,65.83781,85.131905
9.75975976,2.34921,171.77132,114.45938,65.83519,85.13893
9.78978979,2.349017,171.77844,114.86889,65.83262,85.14583
9.81981982,2.3488274,171.78545,115.278404,65.83009,85.152596
9.84984985,2.3486414,171.79233,115.68793,65.827614,85.15923
9.87987988,2.3484592,171.79909,116.09746,65.82518,85.16574
9.90990991,2.3482804,171.80573,116.506996,65.82279,85.17213
9.93993994,2.3481052,171.81224,116.916534,65.82045,85.17839
9.96996997,2.347933,171.81865,117.32608,65.818146,85.18453
10,2.3477645,171.82494,117.735634,65.81589,85.19056
10.03003003,2.347599,171.83112,118.14519,65.81367,85.19647
10.06006006,2.347437,171.83719,118.55475,65.811485,85.20227
10.09009009,2.3472776,171.84315,118.96432,65.80934,85.20796
10.12012012,2.3471215,171.84901,119.373886,65.807236,85.21355
10.15015015,2.3469684,171.85477,119.78346,65.80517,85.219025
10.18018018,2.3468182,171.86041,120.19304,65.80314,85.224396
10.21021021,2.3466709,171.86597,120.60262,65.80115,85.22967
10.24024024,2.3465261,171.87141,121.01221,65.799194,85.23484
10.27027027,2.3463843,171.87677,121.4218,65.79727,85.239914
10.3003003,2.3462453,171.88202,121.83139,65.79539,85.24489
10.33033033,2.346109,171.88718,122.24098,65.79353,85.24977
10.36036036,2.3459752,171.89224,122.65058,65.79172,85.25456
10.39039039,2.3458438,171.89722,123.06018,65.78993,85.25926
10.42042042,2.345715,171.90211,123.46978,65.78818,85.26387
10.45045045,2.3455887,171.90692,123.87938,65.78645,85.26839
10.48048048,2.345465,171.91164,124.28899,65.78476,85.27282
10.51051051,2.3453436,171.91628,124.69859,65.7831,85.27717
10.54054054,2.3452244,171.92082,125.1082,65.78146,85.28143
10.57057057,2.3451076,171.9253,125.51781,65.77986,85.28562
10.6006006,2.3449929,171.92969,125.927414,65.77829,85.28973
10.63063063,2.3448806,171.934,126.33702,65.77674,85.293755
10.66066066,2.3447704,171.93825,126.74663,65.77522,85.29771
10.69069069,2.3446622,171.94241,127.156235,65.773735,85.30158
10.72072072,2.3445559,171.9465,127.56584,65.77227,85.30539
10.75075075,2.3444517,171.95052,127.97545,65.770836,85.30912
10.78078078,2.3443496,171.95447,128.38506,65.769424,85.31278
10.81081081,2.3442495,171.95834,128.79466,65.768036,85.316376
10.84084084,2.344151,171.96214,129.20427,65.76668,85.3199
10.87087087,2.3440547,171.96588,129.61388,65.76534,85.32336
10.9009009,2.34396,171.96956,130.02348,65.76403,85.326744
10.93093093,2.3438673,171.97316,130.43309,65.76274,85.33007
10.96096096,2.3437762,171.9767,130.8427,65.761475,85.333336
10.99099099,2.343687,171.98018,131.2523,65.76023,85.33654
11.02102102,2.3435996,171.9836,131.66191,65.75901,85.33968
11.05105105,2.3435135,171.98695,132.07152,65.75781,85.342766
11.08108108,2.3434293,171.99025,132.48111,65.75663,85.34579
11.11111111,2.3433466,171.99348,132.8907,65.75547,85.348755
11.14114114,2.3432655,171.99667,133.3003,65.75433,85.35166
11.17117117,2.343186,171.9998,133.70988,65.75322,85.354515
11.2012012,2.343108,172.00287,134.11948,65.75212,85.357315
11.23123123,2.3430314,172.00589,134.52907,65.751045,85.36006
11.26126126,2.3429563,172.00885,134.93866,65.749985,85.362755
11.29129129,2.3428826,172.01176,135.34824,65.74895,85.3654
11.32132132,2.3428102,172.01462,135.75781,65.747925,85.368
11.35135135,2.3427393,172.01743,136.16739,65.746925,85.37054
11.38138138,2.34267,172.02019,136.57697,65.74594,85.37303
11.41141141,2.3426018,172.0229,136.98654,65.74497,85.37548
11.44144144,2.3425348,172.02556,137.3961,65.744026,85.377884
11.47147147,2.3424692,172.02817,137.80566,65.743095,85.38024
11.5015015,2.3424048,172.03073,138.21523,65.74218,85.38255
11.53153153,2.3423417,172.03325,138.62479,65.74128,85.38482
11.56156156,2.3422797,172.03572,139.03433,65.740395,85.38705
11.59159159,2.3422189,172.03815,139.44388,65.739525,85.38923
11.62162162,2.3421593,172.04054,139.85342,65.73867,85.39137
11.65165165,2.3421006,172.0429,140.26297,65.73783,85.39347
11.68168168,2.3420434,172.0452,140.6725,65.73701,85.39553
11.71171171,2.3419871,172.04745,141.08203,65.7362,85.39755
11.74174174,2.3419318,172.04968,141.49156,65.735405,85.399536
11.77177177,2.3418777,172.05186,141.90108,65.73463,85.40148
11.8018018,2.3418245,172.05402,142.3106,65.733864,85.40339
11.83183183,2.3417723,172.05612,142.72011,65.733116,85.405266
11.86186186,2.3417213,172.0582,143.12961,65.732376,85.407104
11.89189189,2.341671,172.06023,143.53911,65.73165,85.408905
11.92192192,2.3416219,172.06223,143.94861,65.73094,85.410675
11.95195195,2.3415735,172.0642,144.3581,65.73024,85.412415
11.98198198,2.341526,172.06612,144.76758,65.72955,85.414116
12.01201201,2.3414795,172.06801,145.17706,65.72888,85.41579
12.04204204,2.341434,172.06987,145.58653,65.72822,85.41743
12.07207207,2.3413892,172.0717,145.996,65.72757,85.41904
12.1021021,2.3413453,172.0735,146.40547,65.72693,85.420616
12.13213213,2.3413022,172.07527,146.81493,65.7263,85.422165
12.16216216,2.34126,172.077,147.22438,65.725685,85.42368
12.19219219,2.3412185,172.07869,147.63383,65.72508,85.42517
12.22222222,2.3411777,172.08037,148.04327,65.72449,85.426636
12.25225225,2.3411376,172.08202,148.45271,65.7239,85.42807
12.28228228,2.3410985,172.08363,148.86214,65.72333,85.42948
12.31231231,2.3410602,172.08522,149.27156,65.72276,85.43086
12.34234234,2.3410225,172.08678,149.68098,65.722206,85.43222
12.37237237,2.3409855,172.0883,150.0904,65.721664,85.43355
12.4024024,2.3409493,172.0898,150.4998,65.72113,85.43485
12.43243243,2.3409135,172.09128,150.9092,65.720604,85.436134
12.46246246,2.3408785,172.09273,151.31859,65.720085,85.43739
12.49249249,2.3408442,172.09415,151.72798,65.71958,85.43862
12.52252252,2.3408108,172.09555,152.13736,65.719086,85.43983
12.55255255,2.3407779,172.09692,152.54674,65.7186,85.44101
12.58258258,2.3407454,172.09827,152.9561,65.71812,85.44218
12.61261261,2.3407135,172.0996,153.36546,65.71764,85.44332
12.64264264,2.3406825,172.10089,153.77481,65.71718,85.44444
12.67267267,2.340652,172.10217,154.18416,65.71673,85.44554
12.7027027,2.340622,172.10342,154.5935,65.716286,85.44662
12.73273273,2.3405924,172.10466,155.00284,65.71585,85.44768
12.76276276,2.3405635,172.10587,155.41217,65.71542,85.448715
12.79279279,2.3405354,172.10706,155.82149,65.715004,85.44973
12.82282282,2.3405077,172.10823,156.2308,65.714584,85.45073
12.85285285,2.3404803,172.10938,156.6401,65.71417,85.451706
12.88288288,2.3404536,172.1105,157.04941,65.71377,85.45267
12.91291291,2.3404274,172.11162,157.4587,65.71337,85.45361
12.94294294,2.3404016,172.1127,157.86798,65.71298,85.45454
12.97297297,2.3403766,172.11377,158.27725,65.7126,85.455444
13.003003,2.3403518,172.11482,158.68652,65.71223,85.45634
13.03303303,2.3403275,172.11586,159.09578,65.71186,85.457214
13.06306306,2.3403037,172.11687,159.50504,65.7115,85.45807
13.09309309,2.3402803,172.11786,159.91429,65.71115,85.45891
13.12312312,2.3402572,172.11884,160.32353,65.71081,85.45973
13.15315315,2.3402348,172.1198,160.73277,65.710464,85.46054
13.18318318,2.3402128,172.12074,161.142,65.71013,85.461334
13.21321321,2.3401911,172.12167,161.55122,65.7098,85.46211
13.24324324,2.34017,172.12259,161.96043,65.70948,85.462875
13.27327327,2.3401492,172.12349,162.36964,65.70916,85.46362
13.3033033,2.3401287,172.12436,162.77884,65.70885,85.46436
13.33333333,2.3401084,172.12521,163.18803,65.70854,85.46509
13.36336336,2.3400888,172.12605,163.59721,65.708244,85.4658
13.39339339,2.3400695,172.12689,164.0064,65.70795,85.46649
13.42342342,2.3400505,172.12772,164.41556,65.70766,85.46718
13.45345345,2.3400319,172.12852,164.8247,65.707375,85.46785
13.48348348,2.3400135,172.12932,165.23386,65.70709,85.468506
13.51351351,2.3399956,172.1301,165.64299,65.70682,85.469154
13.54354354,2.339978,172.13086,166.05212,65.70655,85.46979
13.57357357,2.3399606,172.1316,166.46124,65.70628,85.470406
13.6036036,2.3399436,172.13234,166.87036,65.706024,85.471016
13.63363363,2.339927,172.13306,167.27946,65.705765,85.47161
13.66366366,2.3399107,172.13376,167.68857,65.70551,85.4722
13.69369369,2.3398948,172.13446,168.09766,65.70527,85.47277
13.72372372,2.3398793,172.13515,168.50674,65.705025,85.473335
13.75375375,2.3398638,172.13582,168.91582,65.70479,85.47389
13.78378378,2.3398488,172.13647,169.32489,65.70455,85.474434
13.81381381,2.339834,172.13712,169.73395,65.70432,85.47497
13.84384384,2.3398194,172.13776,170.143,65.704094,85.475494
13.87387387,2.3398051,172.13838,170.55205,65.70387,85.476006
13.9039039,2.3397913,172.13899,170.96107,65.70365,85.47651
13.93393393,2.3397775,172.13959,171.3701,65.70344,85.477005
13.96396396,2.3397639,172.14018,171.77911,65.703224,85.47749
13.99399399,2.3397505,172.14076,172.18813,65.70302,85.47797
14.02402402,2.3397377,172.14133,172.59712,65.70281,85.47843
14.05405405,2.339725,172.14189,173.00612,65.702614,85.47889
14.08408408,2.3397124,172.14244,173.4151,65.702415,85.47934
14.11411411,2.3397002,172.14297,173.82408,65.702225,85.47978
14.14414414,2.339688,172.14351,174.23305,65.702034,85.48022
14.17417417,2.3396764,172.14403,174.64201,65.70185,85.480644
14.2042042,2.3396647,172.14455,175.05096,65.70167,85.481064
14.23423423,2.3396533,172.14505,175.4599,65.70149,85.481476
14.26426426,2.339642,172.14554,175.86884,65.70132,85.48188
14.29429429,2.339631,172.14603,176.27776,65.70114,85.48228
14.32432432,2.3396204,172.1465,176.68668,65.70097,85.482666
14.35435435,2.3396096,172.14697,177.09558,65.700806,85.48305
14.38438438,2.3395991,172.14743,177.50449,65.700645,85.48342
14.41441441,2.3395889,172.14789,177.91338,65.700485,85.48379
14.44444444,2.3395789,172.14833,178.32225,65.700325,85.484146
14.47447447,2.3395693,172.14877,178.73112,65.70017,85.4845
14.5045045,2.3395596,172.1492,179.13998,65.70002,85.48484
14.53453453,2.3395503,172.14963,179.54884,65.69987,85.485176
14.56456456,2.339541,172.15004,179.95769,65.69972,85.485504
14.59459459,2.3395321,172.15045,180.36653,65.69958,85.48583
14.62462462,2.3395233,172.15085,180.77536,65.69943,85.48615
14.65465465,2.3395145,172.15125,181.18417,65.699295,85.486465
14.68468468,2.339506,172.15163,181.59299,65.69916,85.48677
14.71471471,2.3394976,172.15201,182.00179,65.69902,85.48707
14.74474474,2.3394895,172.15237,182.41058,65.69889,85.487366
14.77477477,2.3394816,172.15274,182.81937,65.69876,85.487656
14.8048048,2.3394735,172.1531,183.22813,65.69863,85.48794
14.83483483,2.3394659,172.15346,183.6369,65.69851,85.48822
14.86486486,2.3394582,172.15381,184.04565,65.69839,85.488495
14.89489489,2.3394506,172.15414,184.4544,65.698265,85.48876
14.92492492,2.3394432,172.15448,184.86314,65.69815,85.48903
14.95495495,2.339436,172.15482,185.27187,65.69804,85.48929
14.98498498,2.3394291,172.15514,185.68059,65.69792,85.48954
15.01501502,2.3394222,172.15546,186.0893,65.69781,85.48979
15.04504505,2.3394153,172.15576,186.498,65.6977,85.490036
15.07507508,2.3394086,172.15607,186.9067,65.69759,85.49027
15.10510511,2.339402,172.15637,187.31538,65.69749,85.49051
15.13513514,2.3393958,172.15666,187.72406,65.69738,85.49074
15.16516517,2.3393896,172.15695,188.13272,65.69728,85.49097
15.1951952,2.3393831,172.15724,188.54138,65.69718,85.49119
15.22522523,2.3393772,172.15752,188.95003,65.69708,85.49141
15.25525526,2.3393712,172.15779,189.35867,65.69698,85.49162
15.28528529,2.3393652,172.15807,189.7673,65.696884,85.49184
15.31531532,2.3393595,172.15833,190.17592,65.69679,85.49204
15.34534535,2.339354,172.15858,190.58453,65.6967,85.49225
15.37537538,2.3393486,172.15884,190.99313,65.69661,85.49245
15.40540541,2.339343,172.15909,191.40173,65.69652,85.492645
15.43543544,2.3393376,172.15933,191.81032,65.696434,85.492836
15.46546547,2.3393323,172.15958,192.21889,65.69635,85.49303
15.4954955,2.3393273,172.15982,192.62746,65.696266,85.49321
15.52552553,2.3393223,172.16005,193.03601,65.69618,85.49339
15.55555556,2.3393173,172.16028,193.44456,65.6961,85.49357
15.58558559,2.3393126,172.1605,193.8531,65.69602,85.493744
15.61561562,2.3393078,172.16074,194.26163,65.695946,85.49391
15.64564565,2.339303,172.16095,194.67015,65.69587,85.49408
15.67567568,2.3392985,172.16116,195.07866,65.69579,85.49425
15.70570571,2.339294,172.16138,195.48715,65.69572,85.49441
15.73573574,2.3392897,172.16159,195.89565,65.69564,85.49457
15.76576577,2.3392854,172.16179,196.30412,65.69557,85.49472
15.7957958,2.339281,172.16199,196.7126,65.6955,85.49487
15.82582583,2.3392768,172.16219,197.12106,65.695435,85.495026
15.85585586,2.3392727,172.16238,197.52951,65.695366,85.49517
15.88588589,2.3392687,172.16257,197.93796,65.6953,85.495316
15.91591592,2.3392649,172.16275,198.34639,65.69523,85.49546
15.94594595,2.3392608,172.16293,198.75482,65.69516,85.4956
15.97597598,2.339257,172.16312,199.16324,65.6951,85.495735
16.00600601,2.3392534,172.1633,199.57164,65.69504,85.495865
16.03603604,2.3392498,172.16347,199.98004,65.69498,85.495995
16.06606607,2.3392463,172.16364,200.38843,65.694916,85.496124
16.0960961,2.339243,172.1638,200.79681,65.694855,85.496254
16.12612613,2.3392394,172.16397,201.20518,65.69479,85.496376
16.15615616,2.339236,172.16414,201.61354,65.69474,85.4965
16.18618619,2.3392327,172.16429,202.0219,65.69469,85.49662
16.21621622,2.3392293,172.16444,202.43024,65.69463,85.496735
16.24624625,2.3392262,172.1646,202.83856,65.69458,85.49685
16.27627628,2.3392231,172.16475,203.24689,65.69453,85.49696
16.30630631,2.3392198,172.1649,203.6552,65.69447,85.49707
16.33633634,2.339217,172.16504,204.0635,65.69442,85.49718
16.36636637,2.339214,172.16518,204.4718,65.69437,85.497284
16.3963964,2.3392112,172.16531,204.88008,65.69432,85.49739
16.42642643,2.3392084,172.16545,205.28836,65.694275,85.49749
16.45645646,2.3392055,172.16559,205.69662,65.69423,85.49759
16.48648649,2.339203,172.16573,206.10487,65.69418,85.49769
16.51651652,2.3392003,172.16586,206.51312,65.69414,85.49779
16.54654655,2.3391974,172.16599,206.92136,65.69409,85.49788
16.57657658,2.339195,172.1661,207.32959,65.694046,85.49797
16.60660661,2.3391924,172.16623,207.73781,65.694,85.49806
16.63663664,2.33919,172.16635,208.14601,65.693954,85.49815
16.66666667,2.3391874,172.16647,208.55421,65.69391,85.498245
16.6966967,2.339185,172.1666,208.9624,65.69387,85.49833
16.72672673,2.3391826,172.1667,209.37057,65.69383,85.49841
16.75675676,2.3391805,172.16681,209.77875,65.693794,85.4985
16.78678679,2.339178,172.16692,210.1869,65.693756,85.49858
16.81681682,2.339176,172.16702,210.59506,65.69372,85.49866
16.84684685,2.3391738,172.16713,211.0032,65.69368,85.49873
16.87687688,2.3391716,172.16724,211.41133,65.69364,85.49881
16.90690691,2.3391695,172.16734,211.81946,65.6936,85.498886
16.93693694,2.3391676,172.16745,212.22757,65.693565,85.49896
16.96696697,2.3391654,172.16756,212.63567,65.69353,85.49904
16.996997,2.3391633,172.16765,213.04376,65.69349,85.49911
17.02702703,2.3391614,172.16774,213.45184,65.69346,85.499176
17.05705706,2.3391595,172.16783,213.85992,65.69343,85.499245
17.08708709,2.3391578,172.16792,214.26799,65.6934,85.49931
17.11711712,2.339156,172.16801,214.67604,65.69337,85.49938
17.14714715,2.339154,172.1681,215.08409,65.69334,85.49945
17.17717718,2.339152,172.1682,215.49213,65.693306,85.49951
17.20720721,2.3391504,172.16829,215.90015,65.693275,85.49957
17.23723724,2.3391488,172.16838,216.30817,65.693245,85.49963
17.26726727,2.339147,172.16846,216.71617,65.693214,85.499695
17.2972973,2.3391454,172.16853,217.12418,65.693184,85.499756
17.32732733,2.3391438,172.16861,217.53217,65.69315,85.49982
17.35735736,2.339142,172.16869,217.94014,65.69312,85.49987
17.38738739,2.3391407,172.16876,218.34811,65.69309,85.49992
17.41741742,2.3391392,172.16884,218.75607,65.69306,85.49998
17.44744745,2.3391378,172.16891,219.16402,65.69304,85.50003
17.47747748,2.3391364,172.16899,219.57196,65.693016,85.500084
17.50750751,2.339135,172.16907,219.97989,65.69299,85.50014
17.53753754,2.3391335,172.16914,220.38782,65.69297,85.50019
17.56756757,2.3391318,172.16922,220.79573,65.69295,85.500244
17.5975976,2.3391306,172.16928,221.20363,65.692924,85.50029
17.62762763,2.3391292,172.16934,221.61153,65.6929,85.500336
17.65765766,2.339128,172.1694,222.01941,65.69288,85.50038
17.68768769,2.3391268,172.16946,222.42728,65.692856,85.50043
17.71771772,2.3391256,172.16953,222.83514,65.69283,85.50047
17.74774775,2.3391242,172.16959,223.243,65.69281,85.50052
17.77777778,2.339123,172.16965,223.65083,65.69279,85.500565
17.80780781,2.3391218,172.16971,224.05867,65.692764,85.50061
17.83783784,2.3391206,172.16977,224.46649,65.69274,85.500656
17.86786787,2.3391194,172.16983,224.87431,65.69272,85.500694
17.8978979,2.3391182,172.16989,225.28212,65.692696,85.50073
17.92792793,2.339117,172.16995,225.68991,65.69267,85.50077
17.95795796,2.339116,172.17001,226.0977,65.69265,85.50081
17.98798799,2.3391151,172.17007,226.50548,65.69263,85.50085
18.01801802,2.3391142,172.17012,226.91324,65.69261,85.500885
18.04804805,2.339113,172.17017,227.321,65.6926,85.50092
18.07807808,2.339112,172.17021,227.72874,65.69258,85.50096
18.10810811,2.3391109,172.17026,228.13649,65.692566,85.501
18.13813814,2.33911,172.1703,228.54422,65.69255,85.50104
18.16816817,2.339109,172.17035,228.95193,65.692535,85.50107
18.1981982,2.339108,172.1704,229.35965,65.69252,85.5011
18.22822823,2.3391073,172.17044,229.76735,65.692505,85.50113
18.25825826,2.3391063,172.17049,230.17503,65.69249,85.50116
18.28828829,2.3391056,172.17053,230.58272,65.692474,85.50119
18.31831832,2.3391047,172.17058,230.99039,65.69246,85.50122
18.34834835,2.339104,172.17062,231.39804,65.692444,85.50125
18.37837838,2.339103,172.17067,231.8057,65.69243,85.50128
18.40840841,2.3391023,172.17072,232.21333,65.69241,85.50131
18.43843844,2.3391013,172.17076,232.62097,65.6924,85.50134
18.46846847,2.3391006,172.1708,233.0286,65.69238,85.50137
18.4984985,2.3390996,172.17085,233.4362,65.69237,85.5014
18.52852853,2.339099,172.1709,233.84381,65.69235,85.501434
18.55855856,2.339098,172.17094,234.2514,65.69234,85.501465
18.58858859,2.3390973,172.17097,234.65898,65.69232,85.50149
18.61861862,2.3390965,172.171,235.06656,65.69231,85.50151
18.64864865,2.3390958,172.17104,235.47412,65.69229,85.50153
18.67867868,2.3390954,172.17107,235.88167,65.692276,85.50156
18.70870871,2.3390946,172.1711,236.28922,65.69226,85.50158
18.73873874,2.339094,172.17113,236.69675,65.692245,85.5016
18.76876877,2.3390934,172.17116,237.10428,65.69223,85.501625
18.7987988,2.339093,172.17119,237.5118,65.69222,85.50165
18.82882883,2.3390923,172.17122,237.9193,65.692215,85.50167
18.85885886,2.3390915,172.17125,238.3268,65.69221,85.50169
18.88888889,2.339091,172.17128,238.73428,65.6922,85.50172
18.91891892,2.3390903,172.17131,239.14175,65.69219,85.50174
18.94894895,2.3390896,172.17134,239.54922,65.692184,85.50176
18.97897898,2.3390892,172.17137,239.95668,65.69218,85.501785
19.00900901,2.3390884,172.1714,240.36412,65.69217,85.50181
19.03903904,2.339088,172.17143,240.77156,65.69216,85.50183
19.06906907,2.3390872,172.17146,241.17899,65.692154,85.501854
19.0990991,2.3390865,172.1715,241.58641,65.69215,85.50187
19.12912913,2.3390863,172.17152,241.99382,65.69214,85.501884
19.15915916,2.3390858,172.17155,242.40121,65.69213,85.5019
19.18918919,2.3390853,172.17159,242.80861,65.69212,85.501915
19.21921922,2.3390849,172.17162,243.21599,65.692116,85.50193
19.24924925,2.3390846,172.17165,243.62335,65.69211,85.501945
19.27927928,2.3390841,172.17168,244.03072,65.6921,85.50196
19.30930931,2.3390837,172.1717,244.43806,65.69209,85.501976
19.33933934,2.3390832,172.17174,244.8454,65.692085,85.50199
19.36936937,2.339083,172.17177,245.25273,65.69208,85.50201
19.3993994,2.3390825,172.1718,245.66005,65.69207,85.50202
19.42942943,2.339082,172.17181,246.06737,65.69206,85.50204
19.45945946,2.3390815,172.17183,246.47467,65.692055,85.50205
19.48948949,2.3390813,172.17184,246.88196,65.69205,85.50207
19.51951952,2.3390808,172.17186,247.28925,65.69204,85.50208
19.54954955,2.3390803,172.17188,247.69652,65.69203,85.5021
19.57957958,2.3390799,172.17189,248.10378,65.692024,85.50211
19.60960961,2.3390796,172.1719,248.51103,65.69202,85.50213
19.63963964,2.3390791,172.17192,248.91827,65.69201,85.502144
19.66966967,2.3390787,172.17194,249.3255,65.692,85.50216
19.6996997,2.3390782,172.17195,249.73273,65.69199,85.502174
19.72972973,2.339078,172.17197,250.13994,65.691986,85.50219
19.75975976,2.3390775,172.17198,250.54715,65.69198,85.502205
19.78978979,2.339077,172.172,250.95435,65.69197,85.50222
19.81981982,2.3390765,172.17201,251.36153,65.69196,85.502235
19.84984985,2.3390763,172.17203,251.7687,65.691956,85.50225
19.87987988,2.3390758,172.17204,252.17587,65.69195,85.502266
19.90990991,2.3390753,172.17206,252.58302,65.69194,85.50228
19.93993994,2.339075,172.17207,252.99017,65.69193,85.50229
19.96996997,2.3390746,172.17209,253.39731,65.691925,85.5023
20,2.3390744,172.1721,253.80443,65.69192,85.502304
20.03003003,2.3390741,172.17212,254.21155,65.69191,85.50231
20.06006006,2.3390741,172.17213,254.61865,65.6919,85.50232
20.09009009,2.339074,172.17215,255.02576,65.691895,85.50233
20.12012012,2.3390737,172.17216,255.43285,65.69189,85.502335
20.15015015,2.3390734,172.17218,255.83992,65.69188,85.50234
20.18018018,2.3390732,172.1722,256.24698,65.69187,85.50235
20.21021021,2.339073,172.17221,256.65402,65.691864,85.50236
20.24024024,2.3390727,172.17223,257.06107,65.69186,85.502365
20.27027027,2.3390725,172.17224,257.4681,65.69185,85.50237
20.3003003,2.3390725,172.17226,257.87515,65.69184,85.50238
20.33033033,2.3390722,172.17227,258.28217,65.69183,85.50239
20.36036036,2.339072,172.17229,258.68918,65.691826,85.502396
20.39039039,2.3390718,172.1723,259.0962,65.69182,85.5024
20.42042042,2.3390715,172.17232,259.50317,65.69182,85.50241
20.45045045,2.3390713,172.17233,259.91016,65.69181,85.50242
20.48048048,2.3390713,172.17235,260.31714,65.69181,85.502426
20.51051051,2.339071,172.17236,260.7241,65.6918,85.50243
20.54054054,2.3390708,172.17238,261.13104,65.6918,85.50244
20.57057057,2.3390706,172.1724,261.538,65.691795,85.50245
20.6006006,2.3390703,172.17241,261.94492,65.691795,85.50246
20.63063063,2.3390703,172.17242,262.35184,65.691795,85.502464
20.66066066,2.33907,172.17244,262.75876,65.69179,85.50247
20.69069069,2.3390698,172.17245,263.16565,65.69179,85.50248
20.72072072,2.3390696,172.17247,263.57254,65.69178,85.50249
20.75075075,2.3390694,172.17249,263.97943,65.69178,85.502495
20.78078078,2.3390691,172.1725,264.3863,65.69177,85.5025
20.81081081,2.339069,172.17252,264.79315,65.69177,85.50251
20.84084084,2.3390687,172.17253,265.2,65.69177,85.50252
20.87087087,2.3390687,172.17255,265.60684,65.691765,85.502525
20.9009009,2.3390684,172.17256,266.01367,65.69176,85.50253
20.93093093,2.3390682,172.17258,266.4205,65.69176,85.50254
20.96096096,2.339068,172.17259,266.82733,65.69176,85.50255
20.99099099,2.3390677,172.1726,267.23413,65.69175,85.502556
21.02102102,2.3390675,172.17262,267.64093,65.69175,85.50256
21.05105105,2.3390672,172.17264,268.04773,65.69175,85.50257
21.08108108,2.339067,172.17265,268.4545,65.69174,85.50258
21.11111111,2.339067,172.17265,268.86127,65.69174,85.50259
21.14114114,2.3390667,172.17265,269.26804,65.691734,85.502594
21.17117117,2.3390665,172.17267,269.67477,65.691734,85.5026
21.2012012,2.3390663,172.17267,270.0815,65.691734,85.50261
21.23123123,2.339066,172.17267,270.48825,65.691734,85.50262
21.26126126,2.3390658,172.17267,270.89496,65.691734,85.502625
21.29129129,2.3390656,172.17267,271.30167,65.691734,85.50263
21.32132132,2.3390653,172.17267,271.70837,65.691734,85.50264
21.35135135,2.3390653,172.17267,272.11505,65.691734,85.50265
21.38138138,2.339065,172.17267,272.52173,65.691734,85.502655
21.41141141,2.3390648,172.17267,272.9284,65.691734,85.50266
21.44144144,2.3390646,172.17267,273.33505,65.691734,85.50267
21.47147147,2.3390644,172.17267,273.7417,65.691734,85.50268
21.5015015,2.3390641,172.17267,274.14835,65.691734,85.502686
21.53153153,2.339064,172.17267,274.55496,65.691734,85.502686
21.56156156,2.3390641,172.17267,274.96158,65.691734,85.502686
21.59159159,2.339064,172.17267,275.3682,65.691734,85.502686
21.62162162,2.3390641,172.17267,275.77478,65.691734,85.502686
21.65165165,2.339064,172.17267,276.18137,65.691734,85.502686
21.68168168,2.3390641,172.17267,276.58795,65.691734,85.502686
21.71171171,2.339064,172.17267,276.99454,65.691734,85.502686
21.74174174,2.3390641,172.17267,277.4011,65.691734,85.502686
21.77177177,2.339064,172.17267,277.80765,65.691734,85.502686
21.8018018,2.3390641,172.17267,278.2142,65.691734,85.502686
21.83183183,2.339064,172.17267,278.62073,65.691734,85.502686
21.86186186,2.3390641,172.17267,279.02725,65.691734,85.502686
21.89189189,2.339064,172.17267,279.43378,65.691734,85.502686
21.92192192,2.3390641,172.17267,279.84027,65.691734,85.502686
21.95195195,2.339064,172.17267,280.24677,65.691734,85.502686
21.98198198,2.3390641,172.17267,280.65326,65.691734,85.502686
22.01201201,2.339064,172.17267,281.05972,65.691734,85.502686
22.04204204,2.3390641,172.17267,281.4662,65.691734,85.502686
22.07207207,2.339064,172.17267,281.87265,65.691734,85.502686
22.1021021,2.3390641,172.17267,282.27908,65.691734,85.502686
22.13213213,2.339064,172.17267,282.68552,65.691734,85.502686
22.16216216,2.3390641,172.17267,283.09195,65.691734,85.502686
22.19219219,2.339064,172.17267,283.49835,65.691734,85.502686
22.22222222,2.3390641,172.17267,283.90475,65.691734,85.502686
22.25225225,2.339064,172.17267,284.31116,65.691734,85.502686
22.28228228,2.3390641,172.17267,284.71753,65.691734,85.502686
22.31231231,2.339064,172.17267,285.1239,65.691734,85.502686
22.34234234,2.3390641,172.17267,285.53027,65.691734,85.502686
22.37237237,2.339064,172.17267,285.93665,65.691734,85.502686
22.4024024,2.3390641,172.17267,286.343,65.691734,85.502686
22.43243243,2.339064,172.17267,286.74933,65.691734,85.502686
22.46246246,2.3390641,172.17267,287.15567,65.691734,85.502686
22.49249249,2.339064,172.17267,287.56198,65.691734,85.502686
22.52252252,2.3390641,172.17267,287.9683,65.691734,85.502686
22.55255255,2.339064,172.17267,288.3746,65.691734,85.502686
22.58258258,2.3390641,172.17267,288.78088,65.691734,85.502686
22.61261261,2.339064,172.17267,289.18716,65.691734,85.502686
22.64264264,2.3390641,172.17267,289.59344,65.691734,85.502686
22.67267267,2.339064,172.17267,289.9997,65.691734,85.502686
22.7027027,2.3390641,172.17267,290.40594,65.691734,85.502686
22.73273273,2.339064,172.17267,290.8122,65.691734,85.502686
22.76276276,2.3390641,172.17267,291.2184,65.691734,85.502686
22.79279279,2.339064,172.17267,291.62463,65.691734,85.502686
22.82282282,2.3390641,172.17267,292.03085,65.691734,85.502686
22.85285285,2.339064,172.17267,292.43704,65.691734,85.502686
22.88288288,2.3390641,172.17267,292.84323,65.691734,85.502686
22.91291291,2.339064,172.17267,293.24942,65.691734,85.502686
22.94294294,2.3390641,172.17267,293.65558,65.691734,85.502686
22.97297297,2.339064,172.17267,294.06174,65.691734,85.502686
23.003003,2.3390641,172.17267,294.4679,65.691734,85.502686
23.03303303,2.339064,172.17267,294.87402,65.691734,85.502686
23.06306306,2.3390641,172.17267,295.28015,65.691734,85.502686
23.09309309,2.339064,172.17267,295.68628,65.691734,85.502686
23.12312312,2.3390641,172.17267,296.0924,65.691734,85.502686
23.15315315,2.339064,172.17267,296.4985,65.691734,85.502686
23.18318318,2.3390641,172.17267,296.9046,65.691734,85.502686
23.21321321,2.339064,172.17267,297.3107,65.691734,85.502686
23.24324324,2.3390641,172.17267,297.71677,65.691734,85.502686
23.27327327,2.339064,172.17267,298.12283,65.691734,85.502686
23.3033033,2.3390641,172.17267,298.5289,65.691734,85.502686
23.33333333,2.339064,172.17267,298.93494,65.691734,85.502686
23.36336336,2.3390641,172.17267,299.34097,65.691734,85.502686
23.39339339,2.339064,172.17267,299.747,65.691734,85.502686
23.42342342,2.3390641,172.17267,300.153,65.691734,85.502686
23.45345345,2.339064,172.17267,300.55902,65.691734,85.502686
23.48348348,2.3390641,172.17267,300.96503,65.691734,85.502686
23.51351351,2.339064,172.17267,301.371,65.691734,85.502686
23.54354354,2.3390641,172.17267,301.77698,65.691734,85.502686
23.57357357,2.339064,172.17267,302.18295,65.691734,85.502686
23.6036036,2.3390641,172.17267,302.5889,65.691734,85.502686
23.63363363,2.339064,172.17267,302.99484,65.691734,85.502686
23.66366366,2.3390641,172.17267,303.4008,65.691734,85.502686
23.69369369,2.339064,172.17267,303.8067,65.691734,85.502686
23.72372372,2.3390641,172.17267,304.21262,65.691734,85.502686
23.75375375,2.339064,172.17267,304.61853,65.691734,85.502686
23.78378378,2.3390641,172.17267,305.0244,65.691734,85.502686
23.81381381,2.339064,172.17267,305.4303,65.691734,85.502686
23.84384384,2.3390641,172.17267,305.83618,65.691734,85.502686
23.87387387,2.339064,172.17267,306.24207,65.691734,85.502686
23.9039039,2.3390641,172.17267,306.64792,65.691734,85.502686
23.93393393,2.339064,172.17267,307.05377,65.691734,85.502686
23.96396396,2.3390641,172.17267,307.45963,65.691734,85.502686
23.99399399,2.339064,172.17267,307.86545,65.691734,85.502686
24.02402402,2.3390641,172.17267,308.27127,65.691734,85.502686
24.05405405,2.339064,172.17267,308.6771,65.691734,85.502686
24.08408408,2.3390641,172.17267,309.0829,65.691734,85.502686
24.11411411,2.339064,172.17267,309.48868,65.691734,85.502686
24.14414414,2.3390641,172.17267,309.89447,65.691734,85.502686
24.17417417,2.339064,172.17267,310.30023,65.691734,85.502686
24.2042042,2.3390641,172.17267,310.706,65.691734,85.502686
24.23423423,2.339064,172.17267,311.11176,65.691734,85.502686
24.26426426,2.3390641,172.17267,311.5175,65.691734,85.502686
24.29429429,2.339064,172.17267,311.92322,65.691734,85.502686
24.32432432,2.3390641,172.17267,312.32895,65.691734,85.502686
24.35435435,2.339064,172.17267,312.73465,65.691734,85.502686
24.38438438,2.3390641,172.17267,313.14035,65.691734,85.502686
24.41441441,2.339064,172.17267,313.54605,65.691734,85.502686
24.44444444,2.3390641,172.17267,313.95172,65.691734,85.502686
24.47447447,2.339064,172.17267,314.3574,65.691734,85.502686
24.5045045,2.3390641,172.17267,314.76306,65.691734,85.502686
24.53453453,2.339064,172.17267,315.16873,65.691734,85.502686
24.56456456,2.3390641,172.17267,315.57437,65.691734,85.502686
24.59459459,2.339064,172.17267,315.98,65.691734,85.502686
24.62462462,2.3390641,172.17267,316.38565,65.691734,85.502686
24.65465465,2.339064,172.17267,316.79126,65.691734,85.502686
24.68468468,2.3390641,172.17267,317.19687,65.691734,85.502686
24.71471471,2.339064,172.17267,317.60248,65.691734,85.502686
24.74474474,2.3390641,172.17267,318.00806,65.691734,85.502686
24.77477477,2.339064,172.17267,318.41364,65.691734,85.502686
24.8048048,2.3390641,172.17267,318.8192,65.691734,85.502686
24.83483483,2.339064,172.17267,319.22476,65.691734,85.502686
24.86486486,2.3390641,172.17267,319.6303,65.691734,85.502686
24.89489489,2.339064,172.17267,320.03586,65.691734,85.502686
24.92492492,2.3390641,172.17267,320.44138,65.691734,85.502686
24.95495495,2.339064,172.17267,320.8469,65.691734,85.502686
24.98498498,2.3390641,172.17267,321.2524,65.691734,85.502686
25.01501502,2.339064,172.17267,321.6579,65.691734,85.502686
25.04504505,2.3390641,172.17267,322.0634,65.691734,85.502686
25.07507508,2.339064,172.17267,322.46887,65.691734,85.502686
25.10510511,2.3390641,172.17267,322.87433,65.691734,85.502686
25.13513514,2.339064,172.17267,323.2798,65.691734,85.502686
25.16516517,2.3390641,172.17267,323.68524,65.691734,85.502686
25.1951952,2.339064,172.17267,324.09067,65.691734,85.502686
25.22522523,2.3390641,172.17267,324.4961,65.691734,85.502686
25.25525526,2.339064,172.17267,324.90152,65.691734,85.502686
25.28528529,2.3390641,172.17267,325.30695,65.691734,85.502686
25.31531532,2.339064,172.17267,325.71234,65.691734,85.502686
25.34534535,2.3390641,172.17267,326.11774,65.691734,85.502686
25.37537538,2.339064,172.17267,326.52313,65.691734,85.502686
25.40540541,2.3390641,172.17267,326.9285,65.691734,85.502686
25.43543544,2.339064,172.17267,327.33386,65.691734,85.502686
25.46546547,2.3390641,172.17267,327.73923,65.691734,85.502686
25.4954955,2.339064,172.17267,328.14456,65.691734,85.502686
25.52552553,2.3390641,172.17267,328.5499,65.691734,85.502686
25.55555556,2.339064,172.17267,328.95523,65.691734,85.502686
25.58558559,2.3390641,172.17267,329.36053,65.691734,85.502686
25.61561562,2.339064,172.17267,329.76584,65.691734,85.502686
25.64564565,2.3390641,172.17267,330.17114,65.691734,85.502686
25.67567568,2.339064,172.17267,330.57642,65.691734,85.502686
25.70570571,2.3390641,172.17267,330.9817,65.691734,85.502686
25.73573574,2.339064,172.17267,331.38696,65.691734,85.502686
25.76576577,2.3390641,172.17267,331.7922,65.691734,85.502686
25.7957958,2.339064,172.17267,332.19745,65.691734,85.502686
25.82582583,2.3390641,172.17267,332.6027,65.691734,85.502686
25.85585586,2.339064,172.17267,333.0079,65.691734,85.502686
25.88588589,2.3390641,172.17267,333.41312,65.691734,85.502686
25.91591592,2.339064,172.17267,333.81833,65.691734,85.502686
25.94594595,2.3390641,172.17267,334.22354,65.691734,85.502686
25.97597598,2.339064,172.17267,334.62872,65.691734,85.502686
26.00600601,2.3390641,172.17267,335.0339,65.691734,85.502686
26.03603604,2.339064,172.17267,335.4391,65.691734,85.502686
26.06606607,2.3390641,172.17267,335.84424,65.691734,85.502686
26.0960961,2.339064,172.17267,336.2494,65.691734,85.502686
26.12612613,2.3390641,172.17267,336.65454,65.691734,85.502686
26.15615616,2.339064,172.17267,337.05966,65.691734,85.502686
26.18618619,2.3390641,172.17267,337.46478,65.691734,85.502686
26.21621622,2.339064,172.17267,337.8699,65.691734,85.502686
26.24624625,2.3390641,172.17267,338.275,65.691734,85.502686
26.27627628,2.339064,172.17267,338.68008,65.691734,85.502686
26.30630631,2.3390641,172.17267,339.08517,65.691734,85.502686
26.33633634,2.339064,172.17267,339.49023,65.691734,85.502686
26.36636637,2.3390641,172.17267,339.8953,65.691734,85.502686
26.3963964,2.339064,172.17267,340.30035,65.691734,85.502686
26.42642643,2.3390641,172.17267,340.70538,65.691734,85.502686
26.45645646,2.339064,172.17267,341.1104,65.691734,85.502686
26.48648649,2.3390641,172.17267,341.51544,65.691734,85.502686
26.51651652,2.339064,172.17267,341.92044,65.691734,85.502686
26.54654655,2.3390641,172.17267,342.32544,65.691734,85.502686
26.57657658,2.339064,172.17267,342.73044,65.691734,85.502686
26.60660661,2.3390641,172.17267,343.13544,65.691734,85.502686
26.63663664,2.339064,172.17267,343.5404,65.691734,85.502686
26.66666667,2.3390641,172.17267,343.94537,65.691734,85.502686
26.6966967,2.339064,172.17267,344.35034,65.691734,85.502686
26.72672673,2.3390641,172.17267,344.75528,65.691734,85.502686
26.75675676,2.339064,172.17267,345.16022,65.691734,85.502686
26.78678679,2.3390641,172.17267,345.56516,65.691734,85.502686
26.81681682,2.339064,172.17267,345.97006,65.691734,85.502686
26.84684685,2.3390641,172.17267,346.37497,65.691734,85.502686
26.87687688,2.339064,172.17267,346.77988,65.691734,85.502686
26.90690691,2.3390641,172.17267,347.18475,65.691734,85.502686
26.93693694,2.339064,172.17267,347.58963,65.691734,85.502686
26.96696697,2.3390641,172.17267,347.9945,65.691734,85.502686
26.996997,2.339064,172.17267,348.39935,65.691734,85.502686
27.02702703,2.3390641,172.17267,348.8042,65.691734,85.502686
27.05705706,2.339064,172.17267,349.20905,65.691734,85.502686
27.08708709,2.3390641,172.17267,349.61386,65.691734,85.502686
27.11711712,2.339064,172.17267,350.01868,65.691734,85.502686
27.14714715,2.3390641,172.17267,350.4235,65.691734,85.502686
27.17717718,2.339064,172.17267,350.82828,65.691734,85.502686
27.20720721,2.3390641,172.17267,351.23306,65.691734,85.502686
27.23723724,2.339064,172.17267,351.63785,65.691734,85.502686
27.26726727,2.3390641,172.17267,352.04263,65.691734,85.502686
27.2972973,2.339064,172.17267,352.4474,65.691734,85.502686
27.32732733,2.3390641,172.17267,352.85214,65.691734,85.502686
27.35735736,2.339064,172.17267,353.2569,65.691734,85.502686
27.38738739,2.3390641,172.17267,353.66162,65.691734,85.502686
27.41741742,2.339064,172.17267,354.06635,65.691734,85.502686
27.44744745,2.3390641,172.17267,354.47107,65.691734,85.502686
27.47747748,2.339064,172.17267,354.87576,65.691734,85.502686
27.50750751,2.3390641,172.17267,355.28046,65.691734,85.502686
27.53753754,2.339064,172.17267,355.68515,65.691734,85.502686
27.56756757,2.3390641,172.17267,356.0898,65.691734,85.502686
27.5975976,2.339064,172.17267,356.49448,65.691734,85.502686
27.62762763,2.3390641,172.17267,356.89914,65.691734,85.502686
27.65765766,2.339064,172.17267,357.30377,65.691734,85.502686
27.68768769,2.3390641,172.17267,357.7084,65.691734,85.502686
27.71771772,2.339064,172.17267,358.11304,65.691734,85.502686
27.74774775,2.3390641,172.17267,358.51764,65.691734,85.502686
27.77777778,2.339064,172.17267,358.92224,65.691734,85.502686
27.80780781,2.3390641,172.17267,359.32684,65.691734,85.502686
27.83783784,2.339064,172.17267,359.7314,65.691734,85.502686
27.86786787,2.3390641,172.17267,360.136,65.691734,85.502686
27.8978979,2.339064,172.17267,360.54056,65.691734,85.502686
27.92792793,2.3390641,172.17267,360.94513,65.691734,85.502686
27.95795796,2.339064,172.17267,361.34967,65.691734,85.502686
27.98798799,2.3390641,172.17267,361.7542,65.691734,85.502686
28.01801802,2.339064,172.17267,362.15875,65.691734,85.502686
28.04804805,2.3390641,172.17267,362.56326,65.691734,85.502686
28.07807808,2.339064,172.17267,362.96777,65.691734,85.502686
28.10810811,2.3390641,172.17267,363.37228,65.691734,85.502686
28.13813814,2.339064,172.17267,363.77676,65.691734,85.502686
28.16816817,2.3390641,172.17267,364.18124,65.691734,85.502686
28.1981982,2.339064,172.17267,364.58572,65.691734,85.502686
28.22822823,2.3390641,172.17267,364.99017,65.691734,85.502686
28.25825826,2.339064,172.17267,365.39462,65.691734,85.502686
28.28828829,2.3390641,172.17267,365.79907,65.691734,85.502686
28.31831832,2.339064,172.17267,366.2035,65.691734,85.502686
28.34834835,2.3390641,172.17267,366.6079,65.691734,85.502686
28.37837838,2.339064,172.17267,367.01233,65.691734,85.502686
28.40840841,2.3390641,172.17267,367.41672,65.691734,85.502686
28.43843844,2.339064,172.17267,367.8211,65.691734,85.502686
28.46846847,2.3390641,172.17267,368.2255,65.691734,85.502686
28.4984985,2.339064,172.17267,368.62985,65.691734,85.502686
28.52852853,2.3390641,172.17267,369.0342,65.691734,85.502686
28.55855856,2.339064,172.17267,369.43857,65.691734,85.502686
28.58858859,2.3390641,172.17267,369.84293,65.691734,85.502686
28.61861862,2.339064,172.17267,370.24725,65.691734,85.502686
28.64864865,2.3390641,172.17267,370.65158,65.691734,85.502686
28.67867868,2.339064,172.17267,371.0559,65.691734,85.502686
28.70870871,2.3390641,172.17267,371.4602,65.691734,85.502686
28.73873874,2.339064,172.17267,371.8645,65.691734,85.502686
28.76876877,2.3390641,172.17267,372.2688,65.691734,85.502686
28.7987988,2.339064,172.17267,372.67307,65.691734,85.502686
28.82882883,2.3390641,172.17267,373.07733,65.691734,85.502686
28.85885886,2.339064,172.17267,373.4816,65.691734,85.502686
28.88888889,2.3390641,172.17267,373.88583,65.691734,85.502686
28.91891892,2.339064,172.17267,374.29007,65.691734,85.502686
28.94894895,2.3390641,172.17267,374.6943,65.691734,85.502686
28.97897898,2.339064,172.17267,375.0985,65.691734,85.502686
29.00900901,2.3390641,172.17267,375.50272,65.691734,85.502686
29.03903904,2.339064,172.17267,375.90692,65.691734,85.502686
29.06906907,2.3390641,172.17267,376.3111,65.691734,85.502686
29.0990991,2.339064,172.17267,376.71527,65.691734,85.502686
29.12912913,2.3390641,172.17267,377.11945,65.691734,85.502686
29.15915916,2.339064,172.17267,377.5236,65.691734,85.502686
29.18918919,2.3390641,172.17267,377.92773,65.691734,85.502686
29.21921922,2.339064,172.17267,378.33188,65.691734,85.502686
29.24924925,2.3390641,172.17267,378.73602,65.691734,85.502686
29.27927928,2.339064,172.17267,379.14014,65.691734,85.502686
29.30930931,2.3390641,172.17267,379.54425,65.691734,85.502686
29.33933934,2.339064,172.17267,379.94836,65.691734,85.502686
29.36936937,2.3390641,172.17267,380.35245,65.691734,85.502686
29.3993994,2.339064,172.17267,380.75653,65.691734,85.502686
29.42942943,2.3390641,172.17267,381.1606,65.691734,85.502686
29.45945946,2.339064,172.17267,381.56467,65.691734,85.502686
29.48948949,2.3390641,172.17267,381.96872,65.691734,85.502686
29.51951952,2.339064,172.17267,382.37277,65.691734,85.502686
29.54954955,2.3390641,172.17267,382.7768,65.691734,85.502686
29.57957958,2.339064,172.17267,383.18082,65.691734,85.502686
29.60960961,2.3390641,172.17267,383.58484,65.691734,85.502686
29.63963964,2.339064,172.17267,383.98883,65.691734,85.502686
29.66966967,2.3390641,172.17267,384.39282,65.691734,85.502686
29.6996997,2.339064,172.17267,384.7968,65.691734,85.502686
29.72972973,2.3390641,172.17267,385.20078,65.691734,85.502686
29.75975976,2.339064,172.17267,385.60474,65.691734,85.502686
29.78978979,2.3390641,172.17267,386.0087,65.691734,85.502686
29.81981982,2.339064,172.17267,386.41263,65.691734,85.502686
29.84984985,2.3390641,172.17267,386.81656,65.691734,85.502686
29.87987988,2.339064,172.17267,387.2205,65.691734,85.502686
29.90990991,2.3390641,172.17267,387.62442,65.691734,85.502686
29.93993994,2.339064,172.17267,388.02832,65.691734,85.502686
29.96996997,2.3390641,172.17267,388.43222,65.691734,85.502686
30,2.339064,172.17267,388.83612,65.691734,85.502686
